,,,,,,,,,,Real Property ,Real Property ,Real Property
Organization,Neighborhood,BVRI Awardee?,IRR Grant?,Address,Status,Approved Date,Notes,Link,,Real Property BLOCKLOT,Real Property Address,Address Match Status
HNI/Turner,CHM,Y,Y,1521 HOMESTEAD ST,Sold - SPP Buyer,1/1/2026,Buyer = Sofi Jiminez,,,4108 004,1521 HOMESTEAD ST,Matched
HNI/Turner,CHM,Y,Y,1547 CARSWELL ST,Sold - SPP Buyer,1/1/2026,Buyer = Sean Price,,,4131 029B,1547 CARSWELL ST,Matched
HNI/Turner,CHM,Y,Y,1549 CARSWELL ST,Sold - SPP Buyer,1/1/2026,Buyer = Monica Tubman,,,4131 029A,1549 CARSWELL ST,Matched
HNI/Turner,CHM,Y,Y,1554 CARSWELL ST,Approved - Coming Soon to Market,1/1/2026,,,,4132 020,1554 CARSWELL ST,Matched
HNI/Turner,CHM,Y,Y,1556 CARSWELL ST,Approved - Coming Soon to Market,1/1/2026,,,,4132 021,1556 CARSWELL ST,Matched
HNI/Turner,CHM,Y,Y,1558 CARSWELL ST,Approved - Coming Soon to Market,1/1/2026,,,,4132 022,1558 CARSWELL ST,Matched
HNI/Turner,CHM,Y,Y,1555 CARSWELL ST,Sold - SPP Buyer,1/1/2026,Buyer = Tamaqua Caesar,,,4131 027,1555 CARSWELL ST,Matched
HNI/Turner,CHM,Y,Y,1524 HOMESTEAD ST,Approved - Coming Soon to Market,1/1/2026,,,,4108 018,1524 HOMESTEAD ST,Matched
HNI/Turner,CHM,Y,Y,1712 HOMESTEAD ST,Sold - SPP Buyer,1/1/2026,Buyer = Vanessa Bryan-Merchant,,,4123 043,1712 HOMESTEAD ST,Matched
BonSecours (Unity),Franklin Square,Y,Y,34 S Fulton Ave,Sold - Other Buyer,11/10/2025,,https://unityhomesbaltimore.com/available-homes/,,0227 056,34 S FULTON AVE,Matched
BonSecours (Unity),Franklin Square,Y,Y,40 S Fulton Ave,Approved - On Market,11/10/2025,,https://unityhomesbaltimore.com/available-homes/,,0227 053,40 S FULTON AVE,Matched
BonSecours (Unity),Franklin Square,Y,Y,41 S Fulton Ave,Sold - SPP Buyer,11/10/2025,Buyer = Kewanda Collier,https://unityhomesbaltimore.com/available-homes/,,0228 023,41 S FULTON AVE,Matched
BonSecours (Unity),Franklin Square,Y,Y,45 S Fulton Ave,Approved - On Market,11/10/2025,,https://unityhomesbaltimore.com/available-homes/,,0228 025,45 S FULTON AVE,Matched
BonSecours (Unity),Franklin Square,Y,Y,47 S Fulton Ave,Approved - On Market,11/10/2025,,https://unityhomesbaltimore.com/available-homes/,,0228 026,47 S FULTON AVE,Matched
BonSecours (Unity),Franklin Square,Y,Y,51 S Fulton Ave,Approved - On Market,11/10/2025,,https://unityhomesbaltimore.com/available-homes/,,0228 028,51 S FULTON AVE,Matched
BonSecours (Unity),Franklin Square,Y,Y,52 S Fulton Ave,Approved - On Market,11/10/2025,,https://unityhomesbaltimore.com/available-homes/,,0227 047,52 S FULTON AVE,Matched
BonSecours (Unity),Franklin Square,Y,Y,105 S Fulton Ave,Sold - SPP Buyer,11/10/2025,Buyer = Pierre Harges,https://unityhomesbaltimore.com/available-homes/,,0244 015,105 S FULTON AVE,Matched
BonSecours (Unity),Franklin Square,Y,Y,107 S Fulton Ave,Approved - On Market,11/10/2025,,https://unityhomesbaltimore.com/available-homes/,,0244 016,107 S FULTON AVE,Matched
BonSecours (Unity),Franklin Square,Y,Y,109 S Fulton Ave,Approved - On Market,11/10/2025,,https://unityhomesbaltimore.com/available-homes/,,0244 017,109 S FULTON AVE,Matched
BonSecours (Unity),Franklin Square,Y,Y,111 S Fulton Ave,Sold - SPP Buyer,11/10/2025,Buyer = Sara Ballo,https://unityhomesbaltimore.com/available-homes/,,0244 018,111 S FULTON AVE,Matched
BonSecours (Unity),Franklin Square,Y,Y,116 S Fulton Ave,Approved - In Construction,11/10/2025,,https://unityhomesbaltimore.com/available-homes/,,0243 058,116 S FULTON AVE,Matched
BonSecours (Unity),Franklin Square,Y,Y,119 S Fulton Ave,Approved - In Construction,11/10/2025,,https://unityhomesbaltimore.com/available-homes/,,0244 022,119 S FULTON AVE,Matched
BonSecours (Unity),Franklin Square,Y,Y,120 S Fulton Ave,Approved - In Construction,11/10/2025,,https://unityhomesbaltimore.com/available-homes/,,0243 056,120 S FULTON AVE,Matched
BonSecours (Unity),Franklin Square,Y,Y,121 S Fulton Ave,Approved - In Construction,11/10/2025,,https://unityhomesbaltimore.com/available-homes/,,0244 023,121 S FULTON AVE,Matched
BonSecours (Unity),Franklin Square,Y,Y,122 S Fulton Ave,Approved - In Construction,11/10/2025,,https://unityhomesbaltimore.com/available-homes/,,0243 055,122 S FULTON AVE,Matched
BonSecours (Unity),Franklin Square,Y,Y,123 S Fulton Ave,Approved - In Construction,11/10/2025,,https://unityhomesbaltimore.com/available-homes/,,0244 024,123 S FULTON AVE,Matched
BonSecours (Unity),Franklin Square,Y,Y,124 S Fulton Ave,Approved - In Construction,11/10/2025,,https://unityhomesbaltimore.com/available-homes/,,0243 054,124 S FULTON AVE,Matched
BonSecours (Unity),Franklin Square,Y,Y,125 S Fulton Ave,Approved - In Construction,11/10/2025,,https://unityhomesbaltimore.com/available-homes/,,0244 025,125 S FULTON AVE,Matched
BonSecours (Unity),Franklin Square,Y,Y,126 S Fulton Ave,Approved - In Construction,11/10/2025,,https://unityhomesbaltimore.com/available-homes/,,0243 053,126 S FULTON AVE,Matched
ReBuild Metro,Johnston Square,Y,Y,1326 Aisquith St,Approved - In Construction,4/9/2026,,,,1145 027,1326 AISQUITH ST,Matched
ReBuild Metro,Johnston Square,Y,Y,1307 N Broadway,Sold - Other Buyer,4/9/2026,Not in Johnston Square,https://www.zillow.com/homedetails/1307-N-Broadway-Baltimore-MD-21213/462192923_zpid/,,1513 004,1307 N BROADWAY,Matched
ReBuild Metro,Johnston Square,Y,Y,1020 Eden St,Sold - Other Buyer,4/9/2026,,https://www.zillow.com/homedetails/1020-N-Eden-St-Baltimore-MD-21205/294972234_zpid/?msockid=26e7ffe05ce068da2a1de99f5d346901,,1189 016,1020 N EDEN ST,Suggested match: review
ReBuild Metro,Johnston Square,Y,Y,1308 Homewood Ave,Sold - SPP Buyer,4/9/2026,Buyer = Laurel Greilich,,,1142B039,1308 HOMEWOOD AVE,Matched
ReBuild Metro,Johnston Square,Y,Y,1314 Homewood Ave,Sold - SPP Buyer,4/9/2026,Buyer = Holden Turner,,,1142B042,1314 HOMEWOOD AVE,Matched
ReBuild Metro,Johnston Square,Y,Y,1316 Homewood Ave,Approved - On Market,4/9/2026,,,,1142B043,1316 HOMEWOOD AVE,Matched
ReBuild Metro,Johnston Square,Y,Y,1318 Homewood Ave,Approved - In Construction,4/9/2026,,,,1142B044,1318 HOMEWOOD AVE,Matched
ReBuild Metro,Johnston Square,Y,Y,707 Mura St,Approved - In Construction,4/9/2026,,,,1155 073,707 MURA ST,Matched
ReBuild Metro,Johnston Square,Y,Y,710 Mura St,Sold - SPP Buyer,4/9/2026,Buyer = Portia Thomas,,,1155 097,710 MURA ST,Matched
ReBuild Metro,Johnston Square,Y,Y,711 Mura St,Sold - SPP Buyer,4/9/2026,Buyer = Tanika Wiggins,,,1155 075,711 MURA ST,Matched
ReBuild Metro,Johnston Square,Y,Y,714 Mura St,Approved - In Construction,4/9/2026,,,,1155 095,714 MURA ST,Matched
ReBuild Metro,Johnston Square,Y,Y,718 Mura St,Approved - In Construction,4/9/2026,,,,1155 093,718 MURA ST,Matched
ReBuild Metro,Johnston Square,Y,Y,721 Mura St,Approved - In Construction,4/9/2026,,,,1155 080,721 MURA ST,Matched
ReBuild Metro,Johnston Square,Y,Y,726 Mura St,Approved - In Construction,4/9/2026,,,,1155 089,726 MURA ST,Matched
ReBuild Metro,Johnston Square,Y,Y,703 E Preston St,Declined - Ineligible,4/9/2026,,Per Kim Barton (8/11/26): now a rental,,1155 016,703 E PRESTON ST,Matched
ReBuild Metro,Johnston Square,Y,Y,711 E Preston St,Declined - Ineligible,4/9/2026,,Per Kim Barton (8/11/26): now a rental,,1155 020,711 E PRESTON ST,Matched
ReBuild Metro,Johnston Square,Y,Y,729 E Preston St,Sold - SPP Buyer,4/9/2026,Buyer = Willette Brown,https://www.zillow.com/homedetails/729-E-Preston-St-Baltimore-MD-21202/294972054_zpid/?msockid=26e7ffe05ce068da2a1de99f5d346901,,1155 029,729 E PRESTON ST,Matched
ReBuild Metro,Johnston Square,Y,Y,730 E Preston St,Approved - In Construction,4/9/2026,,,,1142B028,730 E PRESTON ST,Matched
ReBuild Metro,Johnston Square,Y,Y,733 E Preston St,Approved - On Market,8/11/2026,,,,1155 031,733 E PRESTON ST,Matched
ReBuild Metro,Johnston Square,Y,Y,910 E Preston St,Approved - In Construction,4/9/2026,,,,1144 059,910 E PRESTON ST,Matched
ReBuild Metro,Johnston Square,Y,Y,730 Mura St,Approved - In Construction,4/9/2026,,,,1155 087,730 MURA ST,Matched
ReBuild Metro,Johnston Square,Y,Y,1206 Turpin Lane,Sold - Other Buyer,4/9/2026,,https://www.zillow.com/homedetails/1206-Turpin-Ln-Baltimore-MD-21202/36468561_zpid/?msockid=26e7ffe05ce068da2a1de99f5d346901,,1156 010,1206 TURPIN LANE,Matched
ReBuild Metro,Johnston Square,Y,Y,1302 Valley St,Approved - In Construction,4/9/2026,,,,1143 036,1302 VALLEY ST,Matched
ReBuild Metro,Johnston Square,Y,Y,1309 Valley St,Approved - In Construction,4/9/2026,,,,1144 005,1309 VALLEY ST,Matched
ReBuild Metro,Johnston Square,Y,Y,1310 Valley St,Approved - In Construction,4/9/2026,,,,1143 040,1310 VALLEY ST,Matched
ReBuild Metro,Johnston Square,Y,Y,1317 Valley St,Approved - In Construction,4/9/2026,,,,1144 009,1317 VALLEY ST,Matched
ReBuild Metro,Johnston Square,Y,Y,1319 Valley St,Approved - In Construction,4/9/2026,,,,1144 010,1319 VALLEY ST,Matched
ReBuild Metro,Johnston Square,Y,Y,1325 Valley St,Pre-Sale - SPP Buyer,4/9/2026,Buyer = Amber Suvreski,,,1144 013,1325 VALLEY ST,Matched
ReBuild Metro,Johnston Square,Y,Y,1329 Valley St,Pre-Sale - SPP Buyer,4/9/2026,Buyer = Maple Silvanus,,,1144 015,1329 VALLEY ST,Matched
Parity,Harlem Park,Y,Y,505 N Carrollton Ave,Pre-Sale - SPP Buyer,4/21/2026,Buyer = Nick Tossini,,,0127 016,505 N CARROLLTON AVE,Matched
Parity,Harlem Park,Y,Y,522 N Carrollton Ave,Approved - Pipeline/Pre-Development,4/21/2026,,,,0126 011,522 N CARROLLTON AVE,Matched
Parity,Harlem Park,Y,Y,524 N Carrollton Ave,Pre-Sale - SPP Buyer,4/21/2026,Buyer = Sheldon Love,,,0126 012,524 N CARROLLTON AVE,Matched
Parity,Harlem Park,Y,Y,528 N Carrollton Ave,Pre-Sale - SPP Buyer,4/21/2026,Buyer = Pam Moore,,,0126 014,528 N CARROLLTON AVE,Matched
Parity,Harlem Park,Y,Y,530 N Carrollton Ave,Approved - On Market,8/19/2026,,https://www.zillow.com/homedetails/530-N-Carrollton-Ave-Baltimore-MD-21223/36516665_zpid/,,0126 015,530 N CARROLLTON AVE,Matched
Parity,Harlem Park,Y,Y,532 N Carrollton Ave,Approved - On Market,4/21/2026,,https://www.zillow.com/homedetails/532-N-Carrollton-Ave-Baltimore-MD-21223/461609880_zpid/?msockid=02d1c1c19c8e6c9f3eb0d68d9d186dbd,,0126 016,532 N CARROLLTON AVE,Matched
Parity,Harlem Park,Y,Y,534 N Carrollton Ave,Approved - Pipeline/Pre-Development,4/21/2026,,,,0126 017,534 N CARROLLTON AVE,Matched
Parity,Harlem Park,Y,Y,928 Harlem Ave,Approved - Pipeline/Pre-Development,4/21/2026,,,,0104 039,928 HARLEM AVE,Matched
Parity,Harlem Park,Y,Y,934 Harlem Ave,Approved - Pipeline/Pre-Development,4/21/2026,,,,0104 036,934 HARLEM AVE,Matched
Parity,Harlem Park,Y,Y,936 Harlem Ave,Approved - Pipeline/Pre-Development,4/21/2026,,,,0104 035,936 HARLEM AVE,Matched
Parity,Harlem Park,Y,Y,1102 Harlem Ave,Pre-Sale - SPP Buyer,4/21/2026,Buyer = Brittany Wiafe,,,0103 027,1102 HARLEM AVE,Matched
Parity,Harlem Park,Y,Y,1104 Harlem Ave,Approved - Pipeline/Pre-Development,4/21/2026,,,,0103 026,1104 HARLEM AVE,Matched
Parity,Harlem Park,Y,Y,1003 W Lafayette St,Approved - Pipeline/Pre-Development,4/21/2026,,,,0092 012,1003 W LAFAYETTE AVE,Suggested match: review
Parity,Harlem Park,Y,Y,1005 W Lafayette St,Approved - Pipeline/Pre-Development,4/21/2026,,,,0092 013,1005 W LAFAYETTE AVE,Suggested match: review
Parity,Harlem Park,Y,Y,1226 W Lanvale St,Approved - Pipeline/Pre-Development,4/21/2026,,,,0090 038,1226 W LANVALE ST,Matched
Parity,Harlem Park,Y,Y,1228 W Lanvale St,Approved - Pipeline/Pre-Development,4/21/2026,,,,0090 037,1228 W LANVALE ST,Matched
Parity,Harlem Park,Y,Y,1230 W Lanvale St,Pre-Sale - SPP Buyer,4/21/2026,Buyer = Courtney Queen,,,0090 036,1230 W LANVALE ST,Matched
Parity,Harlem Park,Y,Y,1232 W Lanvale St,Approved - Pipeline/Pre-Development,4/21/2026,,,,0090 035,1232 W LANVALE ST,Matched
Black Women Build,Poppleton,N,Y,1102 Sarah Ann St,Approved - Pipeline/Pre-Development,4/21/2026,,,,0155 085,1102 SARAH ANN ST,Matched
Black Women Build,Poppleton,N,Y,1104 Sarah Ann St,Approved - On Market,4/21/2026,,"Will be priced at $115,000 when it comes to market",,0155 084,1104 SARAH ANN ST,Matched
Black Women Build,Poppleton,N,Y,1106 Sarah Ann St,Approved - On Market,4/21/2026,,"Will be priced at $105,000 when it comes to market",,0155 083,1106 SARAH ANN ST,Matched
Black Women Build,Poppleton,N,Y,1108 Sarah Ann St,Approved - On Market,4/21/2026,,"Will be priced at $105,000 when it comes to market",,0155 082,1108 SARAH ANN ST,Matched
Black Women Build,Poppleton,N,Y,1110 Sarah Ann St,Approved - Pipeline/Pre-Development,4/21/2026,,,,0155 081,1110 SARAH ANN ST,Matched
Black Women Build,Poppleton,N,Y,1112 Sarah Ann St,Approved - On Market,8/6/2026,,,,0155 080,1112 SARAH ANN ST,Matched
Black Women Build,Poppleton,N,Y,1114 Sarah Ann St,Approved - On Market,4/21/2026,,https://www.zillow.com/homedetails/1114-Sarah-Ann-St-Baltimore-MD-21223/36516933_zpid/?spellCorrectedMetadata=%7B%22userQuery%22%3A%221114%20sarah%20ann%20t%22%2C%22spellCorrectedQuery%22%3A%221114%20Sarah%20Ann%20St%20Baltimore%2C%20MD%2021223%22%7D,,0155 079,1114 SARAH ANN ST,Matched
Black Women Build,Poppleton,N,Y,1116 Sarah Ann St,Approved - Pipeline/Pre-Development,4/21/2026,,,,0155 078,1116 SARAH ANN ST,Matched
Black Women Build,Poppleton,N,Y,1118 Sarah Ann St,Approved - On Market,4/21/2026,,"On market for $115,000; not on Zillow",,0155 077,1118 SARAH ANN ST,Matched
Black Women Build,Poppleton,N,Y,1120 Sarah Ann St,Approved - On Market,4/21/2026,,"On market for $120,000; not on Zillow",,0155 076,1120 SARAH ANN ST,Matched
Black Women Build,Poppleton,N,Y,1122 Sarah Ann St,Approved - Pipeline/Pre-Development,4/21/2026,,,,0155 075,1122 SARAH ANN ST,Matched
Coppin Heights CDC / Cross St,W. North Avenue,Y,Y,2727 W North Ave,Approved - Coming Soon to Market,4/22/2026,,,,2401A014,2727 W NORTH AVE,Matched
Coppin Heights CDC / Cross St,W. North Avenue,Y,Y,2729 W North Ave,Pre-Sale - SPP Buyer,4/22/2026,Buyer = Pearson Chambers,,,2401A015,2729 W NORTH AVE,Matched
Coppin Heights CDC / Cross St,W. North Avenue,Y,Y,2731 W North Ave,Approved - Coming Soon to Market,4/22/2026,,,,2401A016,2731 W NORTH AVE,Matched
Coppin Heights CDC / Cross St,W. North Avenue,Y,Y,2745 W North Ave,Approved - Pipeline/Pre-Development,4/22/2026,,,,2402 021,2745 W NORTH AVE,Matched
Coppin Heights CDC / Cross St,W. North Avenue,Y,Y,2753 W North Ave,Approved - Pipeline/Pre-Development,4/22/2026,,,,2402 017,2753 W NORTH AVE,Matched
Coppin Heights CDC / Cross St,W. North Avenue,Y,Y,2783 W North Ave,Approved - Pipeline/Pre-Development,4/22/2026,,,,2402 002,2783 W NORTH AVE,Matched
Coppin Heights CDC / Cross St,W. North Avenue,Y,Y,2835 W North Ave,Approved - Pipeline/Pre-Development,4/22/2026,,,,2406 018,2835 W NORTH AVE,Matched
Coppin Heights CDC / Cross St,W. North Avenue,Y,Y,2847 W North Ave,Approved - Pipeline/Pre-Development,4/22/2026,,,,2406 024,2847 W NORTH AVE,Matched
Coppin Heights CDC / Cross St,W. North Avenue,Y,Y,2944 W North Ave,Approved - Pipeline/Pre-Development,4/22/2026,,,,3004 021,2944 W NORTH AVE,Matched
Coppin Heights CDC / Cross St,W. North Avenue,Y,Y,2956 W North Ave,Approved - Pipeline/Pre-Development,4/22/2026,,,,3004 027,2956 W NORTH AVE,Matched
SECDC,Ellwood Park,Y,Y,401 N. East Ave,Approved - Pipeline/Pre-Development,4/23/2026,,,,6159 030,401 N EAST AVE,Matched
SECDC,Ellwood Park,Y,Y,402 N. East Ave,Approved - Pipeline/Pre-Development,4/23/2026,,,,6159 013,402 N EAST AVE,Matched
SECDC,Ellwood Park,Y,Y,519 N. East Ave,Approved - Pipeline/Pre-Development,4/23/2026,,,,6156 036,519 N EAST AVE,Matched
SECDC,Ellwood Park,Y,Y,523 N. East Ave,Approved - Pipeline/Pre-Development,4/23/2026,,,,6156 038,523 N EAST AVE,Matched
SECDC,Ellwood Park,Y,Y,531 N. Decker Ave,Approved - On Market,7/21/2026,,,,1661 050,531 N DECKER AVE,Matched
SECDC,Ellwood Park,Y,Y,624 N. Kenwood Ave,Sold - Other Buyer,4/23/2026,,,,1643 046,624 N KENWOOD AVE,Matched
SECDC,Ellwood Park,Y,Y,3102 McElderry St,Approved - Pipeline/Pre-Development,4/23/2026,Not a VRPG,,,1647 047,3102 MCELDERRY ST,Matched
SECDC,Ellwood Park,Y,Y,521 N. Potomac St,Sold - Other Buyer,4/23/2026,Rental history issue so no SPP,,,1661 072,521 N POTOMAC ST,Matched
SECDC,Ellwood Park,Y,Y,622 N. Potomac St,Approved - On Market,4/23/2026,Not a VRPG but received approval from Dave B.,,,1645 035,622 N POTOMAC ST,Matched
SECDC,Ellwood Park,Y,Y,400 N. Robinson St,Approved - Pipeline/Pre-Development,4/23/2026,,,,1678 058,400 N ROBINSON ST,Matched
SECDC,Ellwood Park,Y,Y,502 N. Robinson St,Approved - On Market,4/23/2026,,,,1662 035,502 N ROBINSON ST,Matched
SECDC,Ellwood Park,Y,Y,618 N. Streeper,Approved - Pipeline/Pre-Development,4/23/2026,,,,1644 042,618 N STREEPER ST,Matched
SECDC,Ellwood Park,Y,Y,620 N. Streeper,Approved - Pipeline/Pre-Development,4/23/2026,,,,1644 043,620 N STREEPER ST,Matched
Habitat,Mondawmin,Y,Y,2124 Walbrook Avenue,Approved - Pipeline/Pre-Development,5/11/2026,,,,3212 013,2124 WALBROOK AVE,Matched
Habitat,Mondawmin,Y,Y,2145 Walbrook Avenue,Approved - Pipeline/Pre-Development,5/11/2026,,,,3205 031,2145 WALBROOK AVE,Matched
Habitat,Mondawmin,Y,Y,2007 Smallwood,Approved - Pipeline/Pre-Development,5/11/2026,,,,3212 027,2007 N SMALLWOOD ST,Matched
Habitat,Mondawmin,Y,Y,2128 Walbrook Avenue,Approved - Pipeline/Pre-Development,5/11/2026,,,,3212 015,2128 WALBROOK AVE,Matched
Southwest Partnership,"Hollins Market, Mount Clare",Y,Y,109 S Schroeder St,Approved - In Construction,5/14/2026,U&O aiming for Fall 2026,,,0252 062,109 S SCHROEDER ST,Matched
Southwest Partnership,"Hollins Market, Mount Clare",Y,Y,324 S Woodyear St,Approved - Pipeline/Pre-Development,5/14/2026,,,,0281 013,324 S WOODYEAR ST,Matched
O'Hara,East Baltimore Midway,Y,Y,708 E 20th Street,Approved - Coming Soon to Market,5/14/2026,,,,4017 005,708 E 20TH ST,Matched
O'Hara,East Baltimore Midway,Y,Y,710 E 20th Street,Approved - Coming Soon to Market,5/14/2026,,,,4017 006,710 E 20TH ST,Matched
O'Hara,East Baltimore Midway,Y,Y,1201 Darley Ave,Approved - Pipeline/Pre-Development,5/14/2026,,,,4010E038,1201 DARLEY AVE,Matched
O'Hara,East Baltimore Midway,Y,Y,1911 Homewood Ave,Approved - Pipeline/Pre-Development,5/14/2026,,,,4002 037,1911 HOMEWOOD AVE,Matched
O'Hara,East Baltimore Midway,Y,Y,1919 Homewood Ave,Approved - Pipeline/Pre-Development,5/14/2026,,,,4002 033,1919 HOMEWOOD AVE,Matched
O'Hara,East Baltimore Midway,Y,Y,1913 Homewood Ave,Approved - Pipeline/Pre-Development,5/14/2026,,,,4002 036,1913 HOMEWOOD AVE,Matched
O'Hara,East Baltimore Midway,Y,Y,1915 Homewood Ave,Approved - Pipeline/Pre-Development,5/14/2026,,,,4002 035,1915 HOMEWOOD AVE,Matched
O'Hara,East Baltimore Midway,Y,Y,1917 Homewood Ave,Approved - Pipeline/Pre-Development,5/14/2026,,,,4002 034,1917 HOMEWOOD AVE,Matched
O'Hara,East Baltimore Midway,Y,Y,1921 Homewood Ave,Approved - Pipeline/Pre-Development,5/14/2026,,,,4002 032,1921 HOMEWOOD AVE,Matched
O'Hara,East Baltimore Midway,Y,Y,1927 Homewood Ave,Approved - Pipeline/Pre-Development,5/14/2026,,,,4002 029,1927 HOMEWOOD AVE,Matched
O'Hara,East Baltimore Midway,Y,Y,542 E 22nd St,Approved - Pipeline/Pre-Development,5/14/2026,,,,4039 010,542 E 22ND ST,Matched
Upton Planning Committee,Upton,Y,Y,1541 Clifton Ave ,Declined - Ineligible,na,Not BVRI (Penn North),,,3408 005,1541 CLIFTON AVE,Matched
Upton Planning Committee,Upton,Y,Y,1543 Clifton Ave,Declined - Ineligible,na,Not BVRI (Penn North),,,3408 004,1543 CLIFTON AVE,Matched
Upton Planning Committee,Upton,Y,Y,1545 Clifton Ave,Declined - Ineligible,na,Not BVRI (Penn North),,,3408 003,1545 CLIFTON AVE,Matched
Upton Planning Committee,Upton,Y,Y,1547 Clifton Ave,Declined - Ineligible,na,Not BVRI (Penn North),,,3408 002,1547 CLIFTON AVE,Matched
Upton Planning Committee,Upton,Y,Y,1311 Division St,Approved - On Market,5/19/2026,,,,0396 040,1311 DIVISION ST,Matched
Upton Planning Committee,Upton,Y,Y,1328 Division St,Sold - SPP Buyer,5/19/2026,Buyer = Brian Morrison,https://www.zillow.com/homedetails/1328-Division-St-Baltimore-MD-21217/294974994_zpid/?msockid=02d1c1c19c8e6c9f3eb0d68d9d186dbd,,0414 041,1328 DIVISION ST,Matched
Upton Planning Committee,Upton,Y,Y,1330 Division St,Sold - SPP Buyer,5/19/2026,Buyer = Dominique Higginbotham,https://www.zillow.com/homedetails/1330-Division-St-Baltimore-MD-21217/294974995_zpid/?msockid=02d1c1c19c8e6c9f3eb0d68d9d186dbd,,0414 042,1330 DIVISION ST,Matched
Upton Planning Committee,Upton,Y,Y,1331 Division St,Sold - SPP Buyer,5/19/2026,Buyer = Edwina Davis,https://www.zillow.com/homedetails/1331-Division-St-Baltimore-MD-21217/36515734_zpid/?msockid=02d1c1c19c8e6c9f3eb0d68d9d186dbd,,0396 036,1331 DIVISION ST,Matched
Upton Planning Committee,Upton,Y,Y,1333 Division St,Approved - On Market,5/19/2026,,https://www.zillow.com/homedetails/1333-Division-St-Baltimore-MD-21217/294974992_zpid/?msockid=02d1c1c19c8e6c9f3eb0d68d9d186dbd,,0396 035,1333 DIVISION ST,Matched
Upton Planning Committee,Upton,Y,Y,1335 Division St,Sold - SPP Buyer,5/19/2026,Buyer = Jeremy Jackson,,,0396 034,1335 DIVISION ST,Matched
Upton Planning Committee,Upton,Y,Y,1338 Division St,Sold - SPP Buyer,5/19/2026,Buyer = Margaret Todd,,,0414 046,1338 DIVISION ST,Matched
Upton Planning Committee,Upton,Y,Y,1339 Division St,Approved - On Market,9/11/2026,,,,0396 032,1339 DIVISION ST,Matched
Upton Planning Committee,Upton,Y,Y,1404 Druid Hill Ave,Declined - Ineligible,na,Not VBNs on Codemap,,,0376 003,1404 DRUID HILL AVE,Matched
Upton Planning Committee,Upton,Y,Y,1406 Druid Hill Ave,Declined - Ineligible,na,Not VBNs on Codemap,,,0376 004,1406 DRUID HILL AVE,Matched
Upton Planning Committee,Upton,Y,Y,1408 Druid Hill Ave,Declined - Ineligible,na,Not VBNs on Codemap,,,0376 005,1408 DRUID HILL AVE,Matched
Upton Planning Committee,Upton,Y,Y,846 Edmondson Ave,Sold - SPP Buyer,5/19/2026,Potential Buyer = Marinda Stafford,https://www.zillow.com/homedetails/846-Edmondson-Ave-Baltimore-MD-21201/90006747_zpid/?msockid=02d1c1c19c8e6c9f3eb0d68d9d186dbd,,0452 058,846 EDMONDSON AVE,Matched
Upton Planning Committee,Upton,Y,Y,848 Edmondson Ave,Approved - On Market,5/19/2026,,,,0452 057A,848 EDMONDSON AVE,Matched
Upton Planning Committee,Upton,Y,Y,2616 N Loyola Northway,Approved - Pipeline/Pre-Development,5/19/2026,,,,3349 010,2616 LOYOLA NORTHWAY,Suggested match: review
Upton Planning Committee,Upton,Y,Y,2618 N Loyola Northway,Approved - Pipeline/Pre-Development,5/19/2026,,,,3349 011,2618 LOYOLA NORTHWAY,Suggested match: review
Upton Planning Committee,Upton,Y,Y,2620 N Loyola Northway,Approved - Pipeline/Pre-Development,5/19/2026,,,,3349 012,2620 LOYOLA NORTHWAY,Suggested match: review
Upton Planning Committee,Upton,Y,Y,2622 N Loyola Northway,Approved - Pipeline/Pre-Development,5/19/2026,,,,3349 013,2622 LOYOLA NORTHWAY,Suggested match: review
Baltimore Redlinining & Blight Elimination  CDC,Darley Park,Y,Y,Multiple Properties,Approved - Pipeline/Pre-Development,5/19/2026,,,,,,No match: review
Blank Slate,Auchentoroly-Parkwood,N,N,2906 Parkwood Ave,Sold - Other Buyer,11/14/2025,,https://www.zillow.com/homedetails/2906-Parkwood-Ave-Baltimore-MD-21217/36481478_zpid/?view=public,,3244 043,2906 PARKWOOD AVE,Matched
Blank Slate,Auchentoroly-Parkwood,N,N,[2900 block of Parkwood],Approved - Coming Soon to Market,11/14/2025,,,,,,No match: review
Blank Slate,Auchentoroly-Parkwood,N,N,[2900 block of Parkwood],Approved - Coming Soon to Market,11/14/2025,,,,,,No match: review
Blank Slate,Auchentoroly-Parkwood,N,N,[2900 block of Parkwood],Approved - Coming Soon to Market,11/14/2025,,,,,,No match: review
"PB Holding Company, LLC",Better Waverly,N,N,516 E. 27th St,Sold - Other Buyer,6/18/2026,,,,4071 049,516 E 27TH ST,Matched
"PB Holding Company, LLC",Better Waverly,N,N,2702 Boone St,Sold - Other Buyer,6/18/2026,,,,,,No match: review
"PB Holding Company, LLC",Better Waverly,N,N,2708 Boone,Approved - Coming Soon to Market,6/18/2026,,,,4071 062,2708 BOONE ST,Suggested match: review
"PB Holding Company, LLC",Better Waverly,N,N,2715 Boone St,Approved - On Market,6/18/2026,,,,4071 062F,2715 BOONE ST,Matched
"PB Holding Company, LLC",Better Waverly,N,N,2717 Boone St,Approved - On Market,6/18/2026,,,,4071 062E,2717 BOONE ST,Matched
City Life Community Builders / Cross St,Broadway East,Y,Y,2245 E Biddle St,Sold - SPP Buyer,7/13/2026,Buyer = Jala Sanders,,,1553 038,2245 E BIDDLE ST,Matched
City Life Community Builders / Cross St,Broadway East,Y,Y,2247 E Biddle St,Approved - On Market,7/13/2026,,,,1553 037,2247 E BIDDLE ST,Matched
City Life Community Builders / Cross St,Broadway East,Y,Y,1103 N Milton,Approved - Pipeline/Pre-Development,7/13/2026,,,,1556 002,1103 N MILTON AVE,Suggested match: review
City Life Community Builders / Cross St,Broadway East,Y,Y,1105 N Milton,Approved - Pipeline/Pre-Development,7/13/2026,,,,1556 003,1105 N MILTON AVE,Suggested match: review
City Life Community Builders / Cross St,Broadway East,Y,Y,1107 N Milton,Approved - Pipeline/Pre-Development,7/13/2026,,,,1556 004,1107 N MILTON AVE,Suggested match: review
City Life Community Builders / Cross St,Broadway East,Y,Y,1115 N Milton,Approved - Pipeline/Pre-Development,7/13/2026,,,,1556 008,1115 N MILTON AVE,Suggested match: review
City Life Community Builders / Cross St,Broadway East,Y,Y,1117 N Milton,Approved - Pipeline/Pre-Development,7/13/2026,,,,1556 009,1117 N MILTON AVE,Suggested match: review
City Life Community Builders / Cross St,Broadway East,Y,Y,1123 N Milton,Approved - Pipeline/Pre-Development,7/13/2026,,,,1556 012,1123 N MILTON AVE,Suggested match: review
NHS,"Mondawmin, Walbrook",Y,Y,1915 Bentalou St,Sold - SPP Buyer,7/21/2026,Buyer = Glenn Smith,,,3204 028,1915 N BENTALOU ST,Suggested match: review
NHS,"Mondawmin, Walbrook",Y,Y,2033 Bentalou St,Approved - Coming Soon to Market,7/21/2026,,,,3213 033,2033 N BENTALOU ST,Suggested match: review
NHS,"Mondawmin, Walbrook",Y,Y,2003 N. Dukeland St,Sold - Other Buyer,7/21/2026,,,,3011 005F,2003 N DUKELAND ST,Matched
NHS,"Mondawmin, Walbrook",Y,Y,2114 Pulaski St,Sold - SPP Buyer,7/21/2026,Buyer = Aniya Smith,,,3260 046,2114 N PULASKI ST,Suggested match: review
Kouture Enterprises,Franklin Square,N,Y,310 N. Fulton Ave,Approved - Pipeline/Pre-Development,8/3/2026,,,,0148 029,310 N FULTON AVE,Matched
Kouture Enterprises,Franklin Square,N,Y,322 N. Fulton Ave,Approved - Pipeline/Pre-Development,8/3/2026,,,,0148 035,322 N FULTON AVE,Matched
Kouture Enterprises,Franklin Square,N,Y,1423 W. Mulberry Street,Approved - In Construction,8/3/2026,,,,0152 026,1423 W MULBERRY ST,Matched
Kouture Enterprises,Franklin Square,N,Y,1425 W. Mulberry Street,Approved - In Construction,8/3/2026,,,,0152 025,1425 W MULBERRY ST,Matched
Kouture Enterprises,Franklin Square,N,Y,1507 W. Mulberry Street,Approved - In Construction,8/3/2026,,,,0151 024,1507 W MULBERRY ST,Matched
Kouture Enterprises,Franklin Square,N,Y,1509 W. Mulberry Street,Approved - In Construction,8/3/2026,,,,0151 023,1509 W MULBERRY ST,Matched
Kouture Enterprises,Franklin Square,N,Y,117 N. Mount Street,Approved - Pipeline/Pre-Development,8/3/2026,,,,0180 022,117 N MOUNT ST,Matched
Kouture Enterprises,Franklin Square,N,Y,124 N. Mount Street,Approved - On Market,8/3/2026,,,,0179 055,124 N MOUNT ST,Matched
Kouture Enterprises,Franklin Square,N,Y,126 N. Mount Street,Approved - On Market,8/3/2026,,,,0179 056,126 N MOUNT ST,Matched
Kouture Enterprises,Franklin Square,N,Y,128 N. Mount Street,Approved - On Market,8/3/2026,,,,0179 057,128 N MOUNT ST,Matched
Kouture Enterprises,Franklin Square,N,Y,232 N. Mount Street,Approved - Pipeline/Pre-Development,8/3/2026,,,,0164 057,232 N MOUNT ST,Matched
Kouture Enterprises,Franklin Square,N,Y,302 N. Mount Street,Approved - Pipeline/Pre-Development,8/3/2026,,,,0149 002,302 N MOUNT ST,Matched
Kouture Enterprises,Franklin Square,N,Y,304 N. Mount Street,Approved - Pipeline/Pre-Development,8/3/2026,,,,0149 003,304 N MOUNT ST,Matched
Kouture Enterprises,Franklin Square,N,Y,308 N. Mount Street,Approved - Pipeline/Pre-Development,8/3/2026,,,,0149 005,308 N MOUNT ST,Matched
Kouture Enterprises,Franklin Square,N,Y,322 N. Mount Street,Approved - Pipeline/Pre-Development,8/3/2026,,,,0149 012,322 N MOUNT ST,Matched
Kouture Enterprises,BVRI - Walbrook,N,N,2818 W. North Avenue,Declined - Ineligible,na,"Not ""healthy neighborhood""",,,3005 007,2818 W NORTH AVE,Matched
Kouture Enterprises,BVRI - Walbrook,N,N,2822 W. North Avenue,Declined - Ineligible,na,"Not ""healthy neighborhood""",,,3005 009,2822 W NORTH AVE,Matched
Kouture Enterprises,BVRI - Walbrook,N,N,2828 W. North Avenue,Declined - Ineligible,na,"Not ""healthy neighborhood""",,,3005 012,2828 W NORTH AVE,Matched
Kouture Enterprises,BVRI - Walbrook,N,N,2830 W. North Avenue,Declined - Ineligible,na,"Not ""healthy neighborhood""",,,3005 013,2830 W NORTH AVE,Matched
Kouture Enterprises,BVRI - Walbrook,N,N,2832 W. North Avenue,Declined - Ineligible,na,"Not ""healthy neighborhood""",,,3005 014,2832 W NORTH AVE,Matched
Kouture Enterprises,BVRI - Walbrook,N,N,2614 Woodbrook Avenue ,Declined - Ineligible,na,"Not ""healthy neighborhood""",,,3403 052,2614 WOODBROOK AVE,Matched
Kouture Enterprises,BVRI - Walbrook,N,N,2616 Woodbrook Avenue ,Declined - Ineligible,na,"Not ""healthy neighborhood""",,,3403 051,2616 WOODBROOK AVE,Matched
Kouture Enterprises,BVRI - Walbrook,N,N,2618 Woodbrook Avenue ,Declined - Ineligible,na,"Not ""healthy neighborhood""",,,3403 050,2618 WOODBROOK AVE,Matched
Kouture Enterprises,BVRI - Walbrook,N,N,2620 Woodbrook Avenue ,Declined - Ineligible,na,"Not ""healthy neighborhood""",,,3403 049,2620 WOODBROOK AVE,Matched
Kouture Enterprises,BVRI - Walbrook,N,N,2622 Woodbrook Avenue ,Declined - Ineligible,na,"Not ""healthy neighborhood""",,,3403 048,2622 WOODBROOK AVE,Matched
Kouture Enterprises,BVRI - Walbrook,N,N,2624 Woodbrook Avenue ,Declined - Ineligible,na,"Not ""healthy neighborhood""",,,3403 047,2624 WOODBROOK AVE,Matched
Kouture Enterprises,BVRI - Walbrook,N,N,2626 Woodbrook Avenue ,Declined - Ineligible,na,"Not ""healthy neighborhood""",,,3403 046,2626 WOODBROOK AVE,Matched
Kouture Enterprises,East Baltimore Midway,N,Y,711 E. 20th Street ,Sold - SPP Buyer,8/3/2026,Buyer = Dyonni Lebby,,,4001 038,711 E 20TH ST,Matched
CHAI,Park Heights,Y,Y,5300 Maple Ave,Sold - SPP Buyer,8/5/2026,Buyer = Anna Wilson,,,4536A129,5300 MAPLE AVE,Matched
CHAI,Park Heights,Y,Y,5325 Maple Ave,Sold - SPP Buyer,9/9/2026,Buyer = Victoria Watson,,,4536A101,5325 MAPLE AVE,Matched
CHAI,Park Heights,Y,Y,4818 Pimlico Rd,Sold - SPP Buyer,8/5/2026,Buyer = Kevin Brooks,,,4616 098S,4818 PIMLICO ROAD,Matched
CHAI,Park Heights,Y,Y,3615 Park Heights Ave,Approved - Coming Soon to Market,8/5/2026,,,,3327A008,3615 PARK HEIGHTS AVE,Matched
,Park Heights,,,1350 James St,Sold - SPP Buyer,,Buyer = Adonaldo Diaz,,,0758 026,1350 JAMES ST,Matched
CHAI,Park Heights - Arlington,N,,3424 W Belvedere Ave,,,Confirming VBN???,,,4552 051,3424 W BELVEDERE AVE,Matched
CHAI,Park Heights - Langston Hughes,N,Y,3919 W Garrison Ave,Approved - Coming Soon to Market,,,,,4596 015,3919 W GARRISON AVE,Matched
CHAI,Park Heights - Arlington,N,,3525 W Belvedere,,,Confirming VBN???,,,4578 013,3525 W BELVEDERE AVE,Suggested match: review
CHAI,Park Heights - Central Park Heights,N,Y,3325 Spaulding Ave,Approved - Coming Soon to Market,,,,,4581 022,3325 SPAULDING AVE,Matched
CHAI,Park Heights - Arlington,N,Y,3413 Paton Ave,Approved - Coming Soon to Market,,,,,4552 100,3413 PATON AVE,Matched
,,N,Y,721 E 20th St,Approved - On Market,,,,,4001 033,721 E 20TH ST,Matched
,,N,N,2321 Madison Av,Approved - On Market,,"Just regular SPP, not 3.5%",,,3424 065,2321 MADISON AVE,Suggested match: review
"Wall St Partners, LLC",BVRI - Broadway East,,,2420 E Biddle St,Approved - Coming Soon to Market,,,,,1537 006,2420 E BIDDLE ST,Matched
"Wall St Partners, LLC",BVRI - Broadway East,,,2426 E Biddle St,Approved - Coming Soon to Market,,,,,1537 009,2426 E BIDDLE ST,Matched
"Wall St Partners, LLC",BVRI - Broadway East,,,2432 E Biddle St,Approved - Coming Soon to Market,,,,,1537 012,2432 E BIDDLE ST,Matched
"Wall St Partners, LLC",BVRI - Broadway East,,,2434 E Biddle St,Approved - Coming Soon to Market,,,,,1537 013,2434 E BIDDLE ST,Matched
"Wall St Partners, LLC",BVRI - Broadway East,,,2441 E Biddle St,Approved - Coming Soon to Market,,,,,1555 014,2441 E BIDDLE ST,Matched
"Wall St Partners, LLC",BVRI - W. North Ave,,,2809 W North Ave,Approved - On Market,,,,,2406 005,2809 W NORTH AVE,Matched
"Wall St Partners, LLC",BVRI - W. North Ave,,,2813 W North Ave,Approved - Coming Soon to Market,,,,,2406 007,2813 W NORTH AVE,Matched
"Wall St Partners, LLC",BVRI - W. North Ave,,,2815 W North Ave,Approved - Coming Soon to Market,,,,,2406 008,2815 W NORTH AVE,Matched
"Wall St Partners, LLC",BVRI - W. North Ave,,,2817 W North Ave,Approved - Coming Soon to Market,,,,,2406 009,2817 W NORTH AVE,Matched
"Wall St Partners, LLC",BVRI - W. North Ave,,,2819 W North Ave,Approved - Coming Soon to Market,,,,,2406 010,2819 W NORTH AVE,Matched
